"","original_artist","parent_artist","related_artist"
"1","Allie X","Poppy","Allie X"
"2","Allie X","Poppy","Sky Ferreira"
"3","Allie X","Poppy","girli"
"4","Allie X","Poppy","Ängie"
"5","Allie X","Poppy","Rina Sawayama"
"6","Allie X","Poppy","Kero Kero Bonito"
"7","Allie X","Poppy","Nicole Dollanganger"
"8","Allie X","Poppy","Slayyyter"
"9","Allie X","Poppy","Charli XCX"
"10","Allie X","Poppy","Kailee Morgue"
"11","Allie X","Poppy","SOPHIE"
"12","Allie X","Poppy","HANA"
"13","Allie X","Poppy","Magdalena Bay"
"14","Allie X","Poppy","Lola Blanc"
"15","Allie X","Poppy","Alice Glass"
"16","Allie X","Poppy","Jazmin Bean"
"17","Allie X","Poppy","That Poppy"
"18","Allie X","Poppy","Zheani"
"19","Allie X","Poppy","LIZ"
"20","Allie X","Poppy","Dorian Electra"
"21","Allie X","Sky Ferreira","Allie X"
"22","Allie X","Sky Ferreira","Charli XCX"
"23","Allie X","Sky Ferreira","Poppy"
"24","Allie X","Sky Ferreira","Lykke Li"
"25","Allie X","Sky Ferreira","Cruel Youth"
"26","Allie X","Sky Ferreira","Nicole Dollanganger"
"27","Allie X","Sky Ferreira","Shura"
"28","Allie X","Sky Ferreira","Rina Sawayama"
"29","Allie X","Sky Ferreira","Chairlift"
"30","Allie X","Sky Ferreira","Tei Shi"
"31","Allie X","Sky Ferreira","St. Vincent"
"32","Allie X","Sky Ferreira","iamamiwhoami"
"33","Allie X","Sky Ferreira","Empress Of"
"34","Allie X","Sky Ferreira","SOPHIE"
"35","Allie X","Sky Ferreira","Hannah Diamond"
"36","Allie X","Sky Ferreira","ionnalee"
"37","Allie X","Sky Ferreira","FKA twigs"
"38","Allie X","Sky Ferreira","Magdalena Bay"
"39","Allie X","Sky Ferreira","A. G. Cook"
"40","Allie X","Sky Ferreira","Caroline Polachek"
"41","Allie X","Cruel Youth","Natalia Kills"
"42","Allie X","Cruel Youth","Chløë Black"
"43","Allie X","Cruel Youth","Sky Ferreira"
"44","Allie X","Cruel Youth","Allie X"
"45","Allie X","Cruel Youth","Kerli"
"46","Allie X","Cruel Youth","Ängie"
"47","Allie X","Cruel Youth","Poppy"
"48","Allie X","Cruel Youth","Kailee Morgue"
"49","Allie X","Cruel Youth","Sizzy Rocket"
"50","Allie X","Cruel Youth","HANA"
"51","Allie X","Cruel Youth","Slayyyter"
"52","Allie X","Cruel Youth","Transviolet"
"53","Allie X","Cruel Youth","Nicole Dollanganger"
"54","Allie X","Cruel Youth","BLAISE MOORE"
"55","Allie X","Cruel Youth","Jaira Burns"
"56","Allie X","Cruel Youth","Maty Noyes"
"57","Allie X","Cruel Youth","XYLØ"
"58","Allie X","Cruel Youth","Neon Hitch"
"59","Allie X","Cruel Youth","Rebecca Black"
"60","Allie X","Cruel Youth","Zella Day"
"61","Allie X","Charli XCX","SOPHIE"
"62","Allie X","Charli XCX","Kero Kero Bonito"
"63","Allie X","Charli XCX","Sky Ferreira"
"64","Allie X","Charli XCX","Danny L Harle"
"65","Allie X","Charli XCX","Hannah Diamond"
"66","Allie X","Charli XCX","A. G. Cook"
"67","Allie X","Charli XCX","Namasenda"
"68","Allie X","Charli XCX","Allie X"
"69","Allie X","Charli XCX","Rina Sawayama"
"70","Allie X","Charli XCX","Planet 1999"
"71","Allie X","Charli XCX","GFOTY"
"72","Allie X","Charli XCX","Poppy"
"73","Allie X","Charli XCX","LIZ"
"74","Allie X","Charli XCX","Tove Lo"
"75","Allie X","Charli XCX","Magdalena Bay"
"76","Allie X","Charli XCX","Caroline Polachek"
"77","Allie X","Charli XCX","MØ"
"78","Allie X","Charli XCX","Slayyyter"
"79","Allie X","Charli XCX","Kim Petras"
"80","Allie X","Charli XCX","Empress Of"
"81","Allie X","Rina Sawayama","Allie X"
"82","Allie X","Rina Sawayama","Charli XCX"
"83","Allie X","Rina Sawayama","SOPHIE"
"84","Allie X","Rina Sawayama","Poppy"
"85","Allie X","Rina Sawayama","Sky Ferreira"
"86","Allie X","Rina Sawayama","Slayyyter"
"87","Allie X","Rina Sawayama","Magdalena Bay"
"88","Allie X","Rina Sawayama","Kero Kero Bonito"
"89","Allie X","Rina Sawayama","Tinashe"
"90","Allie X","Rina Sawayama","Chloe x Halle"
"91","Allie X","Rina Sawayama","Tei Shi"
"92","Allie X","Rina Sawayama","Kilo Kish"
"93","Allie X","Rina Sawayama","Janelle Monáe"
"94","Allie X","Rina Sawayama","Caroline Polachek"
"95","Allie X","Rina Sawayama","Empress Of"
"96","Allie X","Rina Sawayama","FKA twigs"
"97","Allie X","Rina Sawayama","A. G. Cook"
"98","Allie X","Rina Sawayama","Bree Runway"
"99","Allie X","Rina Sawayama","Rebecca Black"
"100","Allie X","Rina Sawayama","Shygirl"
"101","Allie X","HANA","ionnalee"
"102","Allie X","HANA","Allie X"
"103","Allie X","HANA","Tei Shi"
"104","Allie X","HANA","Kacy Hill"
"105","Allie X","HANA","LIZ"
"106","Allie X","HANA","Ängie"
"107","Allie X","HANA","So Below"
"108","Allie X","HANA","Poppy"
"109","Allie X","HANA","Slayyyter"
"110","Allie X","HANA","Transviolet"
"111","Allie X","HANA","Luna Shadows"
"112","Allie X","HANA","machineheart"
"113","Allie X","HANA","Sky Ferreira"
"114","Allie X","HANA","iamamiwhoami"
"115","Allie X","HANA","Cruel Youth"
"116","Allie X","HANA","Alice Glass"
"117","Allie X","HANA","Nicole Dollanganger"
"118","Allie X","HANA","Evalyn"
"119","Allie X","HANA","Chelsea Jade"
"120","Allie X","HANA","Kilo Kish"
"121","Allie X","Ängie","Sizzy Rocket"
"122","Allie X","Ängie","Lola Blanc"
"123","Allie X","Ängie","Kailee Morgue"
"124","Allie X","Ängie","Chløë Black"
"125","Allie X","Ängie","Jaira Burns"
"126","Allie X","Ängie","Cruel Youth"
"127","Allie X","Ängie","Poppy"
"128","Allie X","Ängie","girli"
"129","Allie X","Ängie","Allie X"
"130","Allie X","Ängie","Bahari"
"131","Allie X","Ängie","XYLØ"
"132","Allie X","Ängie","bülow"
"133","Allie X","Ängie","Evalyn"
"134","Allie X","Ängie","Maty Noyes"
"135","Allie X","Ängie","Zolita"
"136","Allie X","Ängie","Transviolet"
"137","Allie X","Ängie","HANA"
"138","Allie X","Ängie","Suzi Wu"
"139","Allie X","Ängie","Au/Ra"
"140","Allie X","Ängie","Caitlyn Scarlett"
"141","Allie X","Kerli","Natalia Kills"
"142","Allie X","Kerli","Cruel Youth"
"143","Allie X","Kerli","Neon Hitch"
"144","Allie X","Kerli","Porcelain Black"
"145","Allie X","Kerli","Allie X"
"146","Allie X","Kerli","Ängie"
"147","Allie X","Kerli","Lola Blanc"
"148","Allie X","Kerli","Ivy Levan"
"149","Allie X","Kerli","Brooke Candy"
"150","Allie X","Kerli","Jeffree Star"
"151","Allie X","Kerli","Colette Carr"
"152","Allie X","Kerli","Roniit"
"153","Allie X","Kerli","machineheart"
"154","Allie X","Kerli","MXMS"
"155","Allie X","Kerli","Nicola Roberts"
"156","Allie X","Kerli","So Below"
"157","Allie X","Kerli","Rebecca Black"
"158","Allie X","Kerli","HANA"
"159","Allie X","Kerli","Digital Daggers"
"160","Allie X","Kerli","Echos"
"161","Allie X","LIZ","Hannah Diamond"
"162","Allie X","LIZ","GFOTY"
"163","Allie X","LIZ","A. G. Cook"
"164","Allie X","LIZ","EASYFUN"
"165","Allie X","LIZ","QT"
"166","Allie X","LIZ","SOPHIE"
"167","Allie X","LIZ","Danny L Harle"
"168","Allie X","LIZ","Planet 1999"
"169","Allie X","LIZ","Boy Sim"
"170","Allie X","LIZ","Kero Kero Bonito"
"171","Allie X","LIZ","Namasenda"
"172","Allie X","LIZ","Cecile Believe"
"173","Allie X","LIZ","Slayyyter"
"174","Allie X","LIZ","girli"
"175","Allie X","LIZ","Donatachi"
"176","Allie X","LIZ","Charli XCX"
"177","Allie X","LIZ","Basside"
"178","Allie X","LIZ","Danny Sunshine"
"179","Allie X","LIZ","Allie X"
"180","Allie X","LIZ","HANA"
"181","Allie X","MØ","ALMA"
"182","Allie X","MØ","Sky Ferreira"
"183","Allie X","MØ","Allie X"
"184","Allie X","MØ","Lykke Li"
"185","Allie X","MØ","BROODS"
"186","Allie X","MØ","Tove Lo"
"187","Allie X","MØ","Elliphant"
"188","Allie X","MØ","Charli XCX"
"189","Allie X","MØ","BANKS"
"190","Allie X","MØ","Foxes"
"191","Allie X","MØ","Terror Jr"
"192","Allie X","MØ","VÉRITÉ"
"193","Allie X","MØ","Kiiara"
"194","Allie X","MØ","Elohim"
"195","Allie X","MØ","AlunaGeorge"
"196","Allie X","MØ","Tove Styrke"
"197","Allie X","MØ","Empress Of"
"198","Allie X","MØ","Tei Shi"
"199","Allie X","MØ","Snakehips"
"200","Allie X","MØ","Transviolet"
"201","Allie X","girli","Poppy"
"202","Allie X","girli","Ängie"
"203","Allie X","girli","LIZ"
"204","Allie X","girli","Zolita"
"205","Allie X","girli","Jaira Burns"
"206","Allie X","girli","Lola Blanc"
"207","Allie X","girli","Sizzy Rocket"
"208","Allie X","girli","ZAND"
"209","Allie X","girli","Gia Woods"
"210","Allie X","girli","poutyface"
"211","Allie X","girli","Elliot Lee"
"212","Allie X","girli","FLAVIA"
"213","Allie X","girli","NOT THE MAIN CHARACTERS"
"214","Allie X","girli","tiLLie"
"215","Allie X","girli","margø"
"216","Allie X","girli","Kailee Morgue"
"217","Allie X","girli","Lenii"
"218","Allie X","girli","Allie X"
"219","Allie X","girli","DEZI"
"220","Allie X","girli","Cloudy June"
"221","Allie X","Magdalena Bay","Allie X"
"222","Allie X","Magdalena Bay","Rina Sawayama"
"223","Allie X","Magdalena Bay","SOPHIE"
"224","Allie X","Magdalena Bay","LIZ"
"225","Allie X","Magdalena Bay","Sky Ferreira"
"226","Allie X","Magdalena Bay","Kilo Kish"
"227","Allie X","Magdalena Bay","Cryalot"
"228","Allie X","Magdalena Bay","Planet 1999"
"229","Allie X","Magdalena Bay","Tei Shi"
"230","Allie X","Magdalena Bay","Namasenda"
"231","Allie X","Magdalena Bay","Empress Of"
"232","Allie X","Magdalena Bay","Pearly Drops"
"233","Allie X","Magdalena Bay","yeule"
"234","Allie X","Magdalena Bay","Hatchie"
"235","Allie X","Magdalena Bay","death's dynamic shroud"
"236","Allie X","Magdalena Bay","A. G. Cook"
"237","Allie X","Magdalena Bay","Hyd"
"238","Allie X","Magdalena Bay","Kero Kero Bonito"
"239","Allie X","Magdalena Bay","Caroline Polachek"
"240","Allie X","Magdalena Bay","Spellling"
"241","Allie X","Natalia Kills","Kerli"
"242","Allie X","Natalia Kills","Cruel Youth"
"243","Allie X","Natalia Kills","Zolita"
"244","Allie X","Natalia Kills","Ivy Levan"
"245","Allie X","Natalia Kills","Porcelain Black"
"246","Allie X","Natalia Kills","Simon Curtis"
"247","Allie X","Natalia Kills","Sky Ferreira"
"248","Allie X","Natalia Kills","Allie X"
"249","Allie X","Natalia Kills","Neon Hitch"
"250","Allie X","Natalia Kills","Rebecca Black"
"251","Allie X","Natalia Kills","DEV"
"252","Allie X","Natalia Kills","ionnalee"
"253","Allie X","Natalia Kills","Bonnie McKee"
"254","Allie X","Natalia Kills","Ängie"
"255","Allie X","Natalia Kills","Nicola Roberts"
"256","Allie X","Natalia Kills","Lola Blanc"
"257","Allie X","Natalia Kills","Karmin"
"258","Allie X","Natalia Kills","Jeffree Star"
"259","Allie X","Natalia Kills","Poppy"
"260","Allie X","Natalia Kills","Heidi Montag"
"261","Allie X","Ralph","Shura"
"262","Allie X","Ralph","Anna of the North"
"263","Allie X","Ralph","Fickle Friends"
"264","Allie X","Ralph","The Aces"
"265","Allie X","Ralph","Betty Who"
"266","Allie X","Ralph","Paperwhite"
"267","Allie X","Ralph","MUNA"
"268","Allie X","Ralph","Yumi Zouma"
"269","Allie X","Ralph","Great Good Fine Ok"
"270","Allie X","Ralph","Scavenger Hunt"
"271","Allie X","Ralph","Tei Shi"
"272","Allie X","Ralph","BROODS"
"273","Allie X","Ralph","Chelsea Jade"
"274","Allie X","Ralph","Allie X"
"275","Allie X","Ralph","Kacy Hill"
"276","Allie X","Ralph","joan"
"277","Allie X","Ralph","Empress Of"
"278","Allie X","Ralph","VÉRITÉ"
"279","Allie X","Ralph","Overcoats"
"280","Allie X","Ralph","Florrie"
"281","Allie X","Shura","Ralph"
"282","Allie X","Shura","Anna of the North"
"283","Allie X","Shura","Fickle Friends"
"284","Allie X","Shura","Yumi Zouma"
"285","Allie X","Shura","MUNA"
"286","Allie X","Shura","The Aces"
"287","Allie X","Shura","Say Lou Lou"
"288","Allie X","Shura","Betty Who"
"289","Allie X","Shura","Sky Ferreira"
"290","Allie X","Shura","BROODS"
"291","Allie X","Shura","Vaults"
"292","Allie X","Shura","The Japanese House"
"293","Allie X","Shura","Kacy Hill"
"294","Allie X","Shura","ionnalee"
"295","Allie X","Shura","Empress Of"
"296","Allie X","Shura","Allie X"
"297","Allie X","Shura","Tei Shi"
"298","Allie X","Shura","Chelsea Jade"
"299","Allie X","Shura","Niki & The Dove"
"300","Allie X","Shura","VÉRITÉ"
"301","Allie X","VÉRITÉ","Transviolet"
"302","Allie X","VÉRITÉ","Luna Shadows"
"303","Allie X","VÉRITÉ","XYLØ"
"304","Allie X","VÉRITÉ","Ella Vos"
"305","Allie X","VÉRITÉ","Phoebe Ryan"
"306","Allie X","VÉRITÉ","machineheart"
"307","Allie X","VÉRITÉ","Evalyn"
"308","Allie X","VÉRITÉ","Grace Mitchell"
"309","Allie X","VÉRITÉ","Skott"
"310","Allie X","VÉRITÉ","Kailee Morgue"
"311","Allie X","VÉRITÉ","Elohim"
"312","Allie X","VÉRITÉ","Terror Jr"
"313","Allie X","VÉRITÉ","Kiiara"
"314","Allie X","VÉRITÉ","Ryn Weaver"
"315","Allie X","VÉRITÉ","Betty Who"
"316","Allie X","VÉRITÉ","RKCB"
"317","Allie X","VÉRITÉ","So Below"
"318","Allie X","VÉRITÉ","Zella Day"
"319","Allie X","VÉRITÉ","EZI"
"320","Allie X","VÉRITÉ","Anna of the North"
"321","Allie X","ionnalee","iamamiwhoami"
"322","Allie X","ionnalee","HANA"
"323","Allie X","ionnalee","Sky Ferreira"
"324","Allie X","ionnalee","Zeigeist"
"325","Allie X","ionnalee","Tami T"
"326","Allie X","ionnalee","Young Ejecta"
"327","Allie X","ionnalee","Zola Jesus"
"328","Allie X","ionnalee","Little Boots"
"329","Allie X","ionnalee","Austra"
"330","Allie X","ionnalee","The Golden Filter"
"331","Allie X","ionnalee","Say Lou Lou"
"332","Allie X","ionnalee","Empress Of"
"333","Allie X","ionnalee","Shura"
"334","Allie X","ionnalee","ANOHNI"
"335","Allie X","ionnalee","NAVVI"
"336","Allie X","ionnalee","Annie"
"337","Allie X","ionnalee","Tei Shi"
"338","Allie X","ionnalee","Allie X"
"339","Allie X","ionnalee","Alice Glass"
"340","Allie X","ionnalee","Planningtorock"
"341","Allie X","Foxes","Florrie"
"342","Allie X","Foxes","Little Boots"
"343","Allie X","Foxes","Betty Who"
"344","Allie X","Foxes","Allie X"
"345","Allie X","Foxes","Sky Ferreira"
"346","Allie X","Foxes","Ralph"
"347","Allie X","Foxes","Natalia Kills"
"348","Allie X","Foxes","Fickle Friends"
"349","Allie X","Foxes","Shura"
"350","Allie X","Foxes","BROODS"
"351","Allie X","Foxes","Chelsea Jade"
"352","Allie X","Foxes","Rebecca Black"
"353","Allie X","Foxes","Empress Of"
"354","Allie X","Foxes","Tom Aspaul"
"355","Allie X","Foxes","VÉRITÉ"
"356","Allie X","Foxes","The Aces"
"357","Allie X","Foxes","VINCINT"
"358","Allie X","Foxes","Nina Nesbitt"
"359","Allie X","Foxes","Jessie Ware"
"360","Allie X","Foxes","Say Lou Lou"
"361","Allie X","The Aces","The Japanese House"
"362","Allie X","The Aces","Fickle Friends"
"363","Allie X","The Aces","Betty Who"
"364","Allie X","The Aces","Chelsea Jade"
"365","Allie X","The Aces","flor"
"366","Allie X","The Aces","Ralph"
"367","Allie X","The Aces","No Rome"
"368","Allie X","The Aces","MUNA"
"369","Allie X","The Aces","Shura"
"370","Allie X","The Aces","Anna of the North"
"371","Allie X","The Aces","Ryn Weaver"
"372","Allie X","The Aces","Zolita"
"373","Allie X","The Aces","The Wldlfe"
"374","Allie X","The Aces","joan"
"375","Allie X","The Aces","VÉRITÉ"
"376","Allie X","The Aces","Pale Waves"
"377","Allie X","The Aces","Nightly"
"378","Allie X","The Aces","King Princess"
"379","Allie X","The Aces","L Devine"
"380","Allie X","The Aces","BROODS"
"381","Allie X","SOPHIE","Hannah Diamond"
"382","Allie X","SOPHIE","QT"
"383","Allie X","SOPHIE","Danny L Harle"
"384","Allie X","SOPHIE","EASYFUN"
"385","Allie X","SOPHIE","GFOTY"
"386","Allie X","SOPHIE","LIZ"
"387","Allie X","SOPHIE","A. G. Cook"
"388","Allie X","SOPHIE","Planet 1999"
"389","Allie X","SOPHIE","Kero Kero Bonito"
"390","Allie X","SOPHIE","Namasenda"
"391","Allie X","SOPHIE","Charli XCX"
"392","Allie X","SOPHIE","Cecile Believe"
"393","Allie X","SOPHIE","Slayyyter"
"394","Allie X","SOPHIE","Henrik the Artist"
"395","Allie X","SOPHIE","Spinee"
"396","Allie X","SOPHIE","Lipgloss Twins"
"397","Allie X","SOPHIE","Oklou"
"398","Allie X","SOPHIE","Gupi"
"399","Allie X","SOPHIE","Life Sim"
"400","Allie X","SOPHIE","POBBLES"
"401","Magdalena Bay","Allie X","Poppy"
"402","Magdalena Bay","Allie X","Sky Ferreira"
"403","Magdalena Bay","Allie X","Cruel Youth"
"404","Magdalena Bay","Allie X","Charli XCX"
"405","Magdalena Bay","Allie X","Rina Sawayama"
"406","Magdalena Bay","Allie X","HANA"
"407","Magdalena Bay","Allie X","Ängie"
"408","Magdalena Bay","Allie X","Kerli"
"409","Magdalena Bay","Allie X","LIZ"
"410","Magdalena Bay","Allie X","MØ"
"411","Magdalena Bay","Allie X","girli"
"412","Magdalena Bay","Allie X","Magdalena Bay"
"413","Magdalena Bay","Allie X","Natalia Kills"
"414","Magdalena Bay","Allie X","Ralph"
"415","Magdalena Bay","Allie X","Shura"
"416","Magdalena Bay","Allie X","VÉRITÉ"
"417","Magdalena Bay","Allie X","ionnalee"
"418","Magdalena Bay","Allie X","Foxes"
"419","Magdalena Bay","Allie X","The Aces"
"420","Magdalena Bay","Allie X","SOPHIE"
"421","Magdalena Bay","Rina Sawayama","Allie X"
"422","Magdalena Bay","Rina Sawayama","Charli XCX"
"423","Magdalena Bay","Rina Sawayama","SOPHIE"
"424","Magdalena Bay","Rina Sawayama","Poppy"
"425","Magdalena Bay","Rina Sawayama","Sky Ferreira"
"426","Magdalena Bay","Rina Sawayama","Slayyyter"
"427","Magdalena Bay","Rina Sawayama","Magdalena Bay"
"428","Magdalena Bay","Rina Sawayama","Kero Kero Bonito"
"429","Magdalena Bay","Rina Sawayama","Tinashe"
"430","Magdalena Bay","Rina Sawayama","Chloe x Halle"
"431","Magdalena Bay","Rina Sawayama","Tei Shi"
"432","Magdalena Bay","Rina Sawayama","Kilo Kish"
"433","Magdalena Bay","Rina Sawayama","Janelle Monáe"
"434","Magdalena Bay","Rina Sawayama","Caroline Polachek"
"435","Magdalena Bay","Rina Sawayama","Empress Of"
"436","Magdalena Bay","Rina Sawayama","FKA twigs"
"437","Magdalena Bay","Rina Sawayama","A. G. Cook"
"438","Magdalena Bay","Rina Sawayama","Bree Runway"
"439","Magdalena Bay","Rina Sawayama","Rebecca Black"
"440","Magdalena Bay","Rina Sawayama","Shygirl"
"441","Magdalena Bay","SOPHIE","Hannah Diamond"
"442","Magdalena Bay","SOPHIE","QT"
"443","Magdalena Bay","SOPHIE","Danny L Harle"
"444","Magdalena Bay","SOPHIE","EASYFUN"
"445","Magdalena Bay","SOPHIE","GFOTY"
"446","Magdalena Bay","SOPHIE","LIZ"
"447","Magdalena Bay","SOPHIE","A. G. Cook"
"448","Magdalena Bay","SOPHIE","Planet 1999"
"449","Magdalena Bay","SOPHIE","Kero Kero Bonito"
"450","Magdalena Bay","SOPHIE","Namasenda"
"451","Magdalena Bay","SOPHIE","Charli XCX"
"452","Magdalena Bay","SOPHIE","Cecile Believe"
"453","Magdalena Bay","SOPHIE","Slayyyter"
"454","Magdalena Bay","SOPHIE","Henrik the Artist"
"455","Magdalena Bay","SOPHIE","Spinee"
"456","Magdalena Bay","SOPHIE","Lipgloss Twins"
"457","Magdalena Bay","SOPHIE","Oklou"
"458","Magdalena Bay","SOPHIE","Gupi"
"459","Magdalena Bay","SOPHIE","Life Sim"
"460","Magdalena Bay","SOPHIE","POBBLES"
"461","Magdalena Bay","LIZ","Hannah Diamond"
"462","Magdalena Bay","LIZ","GFOTY"
"463","Magdalena Bay","LIZ","A. G. Cook"
"464","Magdalena Bay","LIZ","EASYFUN"
"465","Magdalena Bay","LIZ","QT"
"466","Magdalena Bay","LIZ","SOPHIE"
"467","Magdalena Bay","LIZ","Danny L Harle"
"468","Magdalena Bay","LIZ","Planet 1999"
"469","Magdalena Bay","LIZ","Boy Sim"
"470","Magdalena Bay","LIZ","Kero Kero Bonito"
"471","Magdalena Bay","LIZ","Namasenda"
"472","Magdalena Bay","LIZ","Cecile Believe"
"473","Magdalena Bay","LIZ","Slayyyter"
"474","Magdalena Bay","LIZ","girli"
"475","Magdalena Bay","LIZ","Donatachi"
"476","Magdalena Bay","LIZ","Charli XCX"
"477","Magdalena Bay","LIZ","Basside"
"478","Magdalena Bay","LIZ","Danny Sunshine"
"479","Magdalena Bay","LIZ","Allie X"
"480","Magdalena Bay","LIZ","HANA"
"481","Magdalena Bay","Sky Ferreira","Allie X"
"482","Magdalena Bay","Sky Ferreira","Charli XCX"
"483","Magdalena Bay","Sky Ferreira","Poppy"
"484","Magdalena Bay","Sky Ferreira","Lykke Li"
"485","Magdalena Bay","Sky Ferreira","Cruel Youth"
"486","Magdalena Bay","Sky Ferreira","Nicole Dollanganger"
"487","Magdalena Bay","Sky Ferreira","Shura"
"488","Magdalena Bay","Sky Ferreira","Rina Sawayama"
"489","Magdalena Bay","Sky Ferreira","Chairlift"
"490","Magdalena Bay","Sky Ferreira","Tei Shi"
"491","Magdalena Bay","Sky Ferreira","St. Vincent"
"492","Magdalena Bay","Sky Ferreira","iamamiwhoami"
"493","Magdalena Bay","Sky Ferreira","Empress Of"
"494","Magdalena Bay","Sky Ferreira","SOPHIE"
"495","Magdalena Bay","Sky Ferreira","Hannah Diamond"
"496","Magdalena Bay","Sky Ferreira","ionnalee"
"497","Magdalena Bay","Sky Ferreira","FKA twigs"
"498","Magdalena Bay","Sky Ferreira","Magdalena Bay"
"499","Magdalena Bay","Sky Ferreira","A. G. Cook"
"500","Magdalena Bay","Sky Ferreira","Caroline Polachek"
"501","Magdalena Bay","Kilo Kish","Empress Of"
"502","Magdalena Bay","Kilo Kish","ABRA"
"503","Magdalena Bay","Kilo Kish","Dizzy Fae"
"504","Magdalena Bay","Kilo Kish","Tei Shi"
"505","Magdalena Bay","Kilo Kish","Kelela"
"506","Magdalena Bay","Kilo Kish","Namasenda"
"507","Magdalena Bay","Kilo Kish","COUCOU CHLOE"
"508","Magdalena Bay","Kilo Kish","Eartheater"
"509","Magdalena Bay","Kilo Kish","Sega Bodega"
"510","Magdalena Bay","Kilo Kish","Kelsey Lu"
"511","Magdalena Bay","Kilo Kish","Cecile Believe"
"512","Magdalena Bay","Kilo Kish","Planet 1999"
"513","Magdalena Bay","Kilo Kish","Kitty"
"514","Magdalena Bay","Kilo Kish","Shygirl"
"515","Magdalena Bay","Kilo Kish","Mykki Blanco"
"516","Magdalena Bay","Kilo Kish","SOPHIE"
"517","Magdalena Bay","Kilo Kish","The Pom-Poms"
"518","Magdalena Bay","Kilo Kish","Pearly Drops"
"519","Magdalena Bay","Kilo Kish","Hyd"
"520","Magdalena Bay","Kilo Kish","Tommy Genesis"
"521","Magdalena Bay","Cryalot","death's dynamic shroud"
"522","Magdalena Bay","Cryalot","Cohort B"
"523","Magdalena Bay","Cryalot","Asian Glow"
"524","Magdalena Bay","Cryalot","Fire-Toolz"
"525","Magdalena Bay","Cryalot","Hyd"
"526","Magdalena Bay","Cryalot","Backxwash"
"527","Magdalena Bay","Cryalot","Hannah Diamond"
"528","Magdalena Bay","Cryalot","Parannoul"
"529","Magdalena Bay","Cryalot","HARU NEMURI"
"530","Magdalena Bay","Cryalot","Black Dresses"
"531","Magdalena Bay","Cryalot","Della Zyr"
"532","Magdalena Bay","Cryalot","Ashenspire"
"533","Magdalena Bay","Cryalot","Naked Flames"
"534","Magdalena Bay","Cryalot","umru"
"535","Magdalena Bay","Cryalot","Spellling"
"536","Magdalena Bay","Cryalot","Ghais Guevara"
"537","Magdalena Bay","Cryalot","Trog"
"538","Magdalena Bay","Cryalot","DJ Sabrina The Teenage DJ"
"539","Magdalena Bay","Cryalot","GFOTY"
"540","Magdalena Bay","Cryalot","Sobs"
"541","Magdalena Bay","Planet 1999","EASYFUN"
"542","Magdalena Bay","Planet 1999","Namasenda"
"543","Magdalena Bay","Planet 1999","Danny L Harle"
"544","Magdalena Bay","Planet 1999","GFOTY"
"545","Magdalena Bay","Planet 1999","A. G. Cook"
"546","Magdalena Bay","Planet 1999","Cecile Believe"
"547","Magdalena Bay","Planet 1999","LIZ"
"548","Magdalena Bay","Planet 1999","Hannah Diamond"
"549","Magdalena Bay","Planet 1999","SOPHIE"
"550","Magdalena Bay","Planet 1999","QT"
"551","Magdalena Bay","Planet 1999","Oklou"
"552","Magdalena Bay","Planet 1999","caro♡"
"553","Magdalena Bay","Planet 1999","Himera"
"554","Magdalena Bay","Planet 1999","Hyd"
"555","Magdalena Bay","Planet 1999","Doss"
"556","Magdalena Bay","Planet 1999","Golin"
"557","Magdalena Bay","Planet 1999","umru"
"558","Magdalena Bay","Planet 1999","Bby Eco"
"559","Magdalena Bay","Planet 1999","ML Buch"
"560","Magdalena Bay","Planet 1999","Donatachi"
"561","Magdalena Bay","Tei Shi","ABRA"
"562","Magdalena Bay","Tei Shi","Sevdaliza"
"563","Magdalena Bay","Tei Shi","Anna Wise"
"564","Magdalena Bay","Tei Shi","Kacy Hill"
"565","Magdalena Bay","Tei Shi","Kelsey Lu"
"566","Magdalena Bay","Tei Shi","Chelsea Jade"
"567","Magdalena Bay","Tei Shi","Dizzy Fae"
"568","Magdalena Bay","Tei Shi","HANA"
"569","Magdalena Bay","Tei Shi","Kelela"
"570","Magdalena Bay","Tei Shi","Shura"
"571","Magdalena Bay","Tei Shi","Kilo Kish"
"572","Magdalena Bay","Tei Shi","Empress Of"
"573","Magdalena Bay","Tei Shi","Jessy Lanza"
"574","Magdalena Bay","Tei Shi","Sky Ferreira"
"575","Magdalena Bay","Tei Shi","Wet"
"576","Magdalena Bay","Tei Shi","Mr Twin Sister"
"577","Magdalena Bay","Tei Shi","FKA twigs"
"578","Magdalena Bay","Tei Shi","Chairlift"
"579","Magdalena Bay","Tei Shi","Ralph"
"580","Magdalena Bay","Tei Shi","Namasenda"
"581","Magdalena Bay","Namasenda","Planet 1999"
"582","Magdalena Bay","Namasenda","EASYFUN"
"583","Magdalena Bay","Namasenda","QT"
"584","Magdalena Bay","Namasenda","Danny L Harle"
"585","Magdalena Bay","Namasenda","GFOTY"
"586","Magdalena Bay","Namasenda","LIZ"
"587","Magdalena Bay","Namasenda","SOPHIE"
"588","Magdalena Bay","Namasenda","Hannah Diamond"
"589","Magdalena Bay","Namasenda","Cecile Believe"
"590","Magdalena Bay","Namasenda","A. G. Cook"
"591","Magdalena Bay","Namasenda","Boy Sim"
"592","Magdalena Bay","Namasenda","Charli XCX"
"593","Magdalena Bay","Namasenda","PUTOCHINOMARICÓN"
"594","Magdalena Bay","Namasenda","Kero Kero Bonito"
"595","Magdalena Bay","Namasenda","Oklou"
"596","Magdalena Bay","Namasenda","Basside"
"597","Magdalena Bay","Namasenda","Gupi"
"598","Magdalena Bay","Namasenda","Donatachi"
"599","Magdalena Bay","Namasenda","Frimes"
"600","Magdalena Bay","Namasenda","Hyd"
"601","Magdalena Bay","Empress Of","TOPS"
"602","Magdalena Bay","Empress Of","Kilo Kish"
"603","Magdalena Bay","Empress Of","Absolutely Free"
"604","Magdalena Bay","Empress Of","Shura"
"605","Magdalena Bay","Empress Of","Findlay"
"606","Magdalena Bay","Empress Of","Ralph"
"607","Magdalena Bay","Empress Of","ionnalee"
"608","Magdalena Bay","Empress Of","Wickerbird"
"609","Magdalena Bay","Empress Of","Kacy Hill"
"610","Magdalena Bay","Empress Of","Making Marks"
"611","Magdalena Bay","Empress Of","Tei Shi"
"612","Magdalena Bay","Empress Of","Hatchie"
"613","Magdalena Bay","Empress Of","HANA"
"614","Magdalena Bay","Empress Of","Sky Ferreira"
"615","Magdalena Bay","Empress Of","Chairlift"
"616","Magdalena Bay","Empress Of","Trails and Ways"
"617","Magdalena Bay","Empress Of","Jay Som"
"618","Magdalena Bay","Empress Of","Chelsea Jade"
"619","Magdalena Bay","Empress Of","Smoke & Jackal"
"620","Magdalena Bay","Empress Of","Let's Eat Grandma"
"621","Magdalena Bay","Pearly Drops","Planet 1999"
"622","Magdalena Bay","Pearly Drops","Labyrinth Ear"
"623","Magdalena Bay","Pearly Drops","Kitty"
"624","Magdalena Bay","Pearly Drops","Eartheater"
"625","Magdalena Bay","Pearly Drops","yeule"
"626","Magdalena Bay","Pearly Drops","Sega Bodega"
"627","Magdalena Bay","Pearly Drops","Namasenda"
"628","Magdalena Bay","Pearly Drops","ML Buch"
"629","Magdalena Bay","Pearly Drops","Sassy 009"
"630","Magdalena Bay","Pearly Drops","Oklou"
"631","Magdalena Bay","Pearly Drops","Kilo Kish"
"632","Magdalena Bay","Pearly Drops","Alice Glass"
"633","Magdalena Bay","Pearly Drops","Hyd"
"634","Magdalena Bay","Pearly Drops","You'll Never Get to Heaven"
"635","Magdalena Bay","Pearly Drops","Cecile Believe"
"636","Magdalena Bay","Pearly Drops","COUCOU CHLOE"
"637","Magdalena Bay","Pearly Drops","Tanukichan"
"638","Magdalena Bay","Pearly Drops","Doss"
"639","Magdalena Bay","Pearly Drops","Neggy Gemmy"
"640","Magdalena Bay","Pearly Drops","A. G. Cook"
"641","Magdalena Bay","yeule","Hyd"
"642","Magdalena Bay","yeule","Eartheater"
"643","Magdalena Bay","yeule","Planet 1999"
"644","Magdalena Bay","yeule","Namasenda"
"645","Magdalena Bay","yeule","Sega Bodega"
"646","Magdalena Bay","yeule","Pearly Drops"
"647","Magdalena Bay","yeule","A. G. Cook"
"648","Magdalena Bay","yeule","Hannah Diamond"
"649","Magdalena Bay","yeule","Kitty"
"650","Magdalena Bay","yeule","Cryalot"
"651","Magdalena Bay","yeule","Alice Glass"
"652","Magdalena Bay","yeule","Cecile Believe"
"653","Magdalena Bay","yeule","Oklou"
"654","Magdalena Bay","yeule","Doss"
"655","Magdalena Bay","yeule","HANA"
"656","Magdalena Bay","yeule","Kilo Kish"
"657","Magdalena Bay","yeule","SOPHIE"
"658","Magdalena Bay","yeule","Himera"
"659","Magdalena Bay","yeule","death's dynamic shroud"
"660","Magdalena Bay","yeule","Alice Longyu Gao"
"661","Magdalena Bay","Hatchie","Hazel English"
"662","Magdalena Bay","Hatchie","Jay Som"
"663","Magdalena Bay","Hatchie","Fazerdaze"
"664","Magdalena Bay","Hatchie","Soccer Mommy"
"665","Magdalena Bay","Hatchie","Sobs"
"666","Magdalena Bay","Hatchie","Let's Eat Grandma"
"667","Magdalena Bay","Hatchie","Barrie"
"668","Magdalena Bay","Hatchie","Tanukichan"
"669","Magdalena Bay","Hatchie","The Beths"
"670","Magdalena Bay","Hatchie","Yumi Zouma"
"671","Magdalena Bay","Hatchie","Snail Mail"
"672","Magdalena Bay","Hatchie","Japanese Breakfast"
"673","Magdalena Bay","Hatchie","Empress Of"
"674","Magdalena Bay","Hatchie","Say Sue Me"
"675","Magdalena Bay","Hatchie","Alvvays"
"676","Magdalena Bay","Hatchie","Caroline Loveglow"
"677","Magdalena Bay","Hatchie","Winter"
"678","Magdalena Bay","Hatchie","Miya Folick"
"679","Magdalena Bay","Hatchie","Launder"
"680","Magdalena Bay","Hatchie","Cryalot"
"681","Magdalena Bay","death's dynamic shroud","George Clanton"
"682","Magdalena Bay","death's dynamic shroud","２８１４"
"683","Magdalena Bay","death's dynamic shroud","Nmesh"
"684","Magdalena Bay","death's dynamic shroud","t e l e p a t h テレパシー能力者"
"685","Magdalena Bay","death's dynamic shroud","ESPRIT 空想"
"686","Magdalena Bay","death's dynamic shroud","Blank Banshee"
"687","Magdalena Bay","death's dynamic shroud","Naked Flames"
"688","Magdalena Bay","death's dynamic shroud","Cryalot"
"689","Magdalena Bay","death's dynamic shroud","Ashenspire"
"690","Magdalena Bay","death's dynamic shroud","Fire-Toolz"
"691","Magdalena Bay","death's dynamic shroud","Backxwash"
"692","Magdalena Bay","death's dynamic shroud","Asian Glow"
"693","Magdalena Bay","death's dynamic shroud","Parannoul"
"694","Magdalena Bay","death's dynamic shroud","Clarence Clarity"
"695","Magdalena Bay","death's dynamic shroud","Ghais Guevara"
"696","Magdalena Bay","death's dynamic shroud","DJ Sabrina The Teenage DJ"
"697","Magdalena Bay","death's dynamic shroud","Gospel"
"698","Magdalena Bay","death's dynamic shroud","GOLDEN LIVING ROOM"
"699","Magdalena Bay","death's dynamic shroud","Xiu Xiu"
"700","Magdalena Bay","death's dynamic shroud","Richard Dawson"
"701","Magdalena Bay","A. G. Cook","QT"
"702","Magdalena Bay","A. G. Cook","Hannah Diamond"
"703","Magdalena Bay","A. G. Cook","GFOTY"
"704","Magdalena Bay","A. G. Cook","Danny L Harle"
"705","Magdalena Bay","A. G. Cook","EASYFUN"
"706","Magdalena Bay","A. G. Cook","LIZ"
"707","Magdalena Bay","A. G. Cook","SOPHIE"
"708","Magdalena Bay","A. G. Cook","Kero Kero Bonito"
"709","Magdalena Bay","A. G. Cook","Henrik the Artist"
"710","Magdalena Bay","A. G. Cook","Namasenda"
"711","Magdalena Bay","A. G. Cook","Life Sim"
"712","Magdalena Bay","A. G. Cook","Planet 1999"
"713","Magdalena Bay","A. G. Cook","Spinee"
"714","Magdalena Bay","A. G. Cook","Lipgloss Twins"
"715","Magdalena Bay","A. G. Cook","POBBLES"
"716","Magdalena Bay","A. G. Cook","PUTOCHINOMARICÓN"
"717","Magdalena Bay","A. G. Cook","Frimes"
"718","Magdalena Bay","A. G. Cook","MC Boing"
"719","Magdalena Bay","A. G. Cook","felicita"
"720","Magdalena Bay","A. G. Cook","Maxo"
"721","Magdalena Bay","Hyd","umru"
"722","Magdalena Bay","Hyd","Himera"
"723","Magdalena Bay","Hyd","Hannah Diamond"
"724","Magdalena Bay","Hyd","caro♡"
"725","Magdalena Bay","Hyd","Namasenda"
"726","Magdalena Bay","Hyd","Cecile Believe"
"727","Magdalena Bay","Hyd","EASYFUN"
"728","Magdalena Bay","Hyd","A. G. Cook"
"729","Magdalena Bay","Hyd","Danny L Harle"
"730","Magdalena Bay","Hyd","Planet 1999"
"731","Magdalena Bay","Hyd","Doss"
"732","Magdalena Bay","Hyd","GFOTY"
"733","Magdalena Bay","Hyd","Oklou"
"734","Magdalena Bay","Hyd","Sega Bodega"
"735","Magdalena Bay","Hyd","Golin"
"736","Magdalena Bay","Hyd","ML Buch"
"737","Magdalena Bay","Hyd","Cryalot"
"738","Magdalena Bay","Hyd","BABii"
"739","Magdalena Bay","Hyd","daine"
"740","Magdalena Bay","Hyd","That Kid"
"741","Magdalena Bay","Kero Kero Bonito","SOPHIE"
"742","Magdalena Bay","Kero Kero Bonito","Hannah Diamond"
"743","Magdalena Bay","Kero Kero Bonito","A. G. Cook"
"744","Magdalena Bay","Kero Kero Bonito","GFOTY"
"745","Magdalena Bay","Kero Kero Bonito","Danny L Harle"
"746","Magdalena Bay","Kero Kero Bonito","Planet 1999"
"747","Magdalena Bay","Kero Kero Bonito","Namasenda"
"748","Magdalena Bay","Kero Kero Bonito","bo en"
"749","Magdalena Bay","Kero Kero Bonito","HARU NEMURI"
"750","Magdalena Bay","Kero Kero Bonito","Shawn Wasabi"
"751","Magdalena Bay","Kero Kero Bonito","Iglooghost"
"752","Magdalena Bay","Kero Kero Bonito","Clarence Clarity"
"753","Magdalena Bay","Kero Kero Bonito","Magdalena Bay"
"754","Magdalena Bay","Kero Kero Bonito","Candy Claws"
"755","Magdalena Bay","Kero Kero Bonito","Cryalot"
"756","Magdalena Bay","Kero Kero Bonito","Sweet Trip"
"757","Magdalena Bay","Kero Kero Bonito","death's dynamic shroud"
"758","Magdalena Bay","Kero Kero Bonito","Weatherday"
"759","Magdalena Bay","Kero Kero Bonito","Asian Glow"
"760","Magdalena Bay","Kero Kero Bonito","Dorian Electra"
"761","Magdalena Bay","Caroline Polachek","Namasenda"
"762","Magdalena Bay","Caroline Polachek","Hannah Diamond"
"763","Magdalena Bay","Caroline Polachek","A. G. Cook"
"764","Magdalena Bay","Caroline Polachek","Danny L Harle"
"765","Magdalena Bay","Caroline Polachek","Oklou"
"766","Magdalena Bay","Caroline Polachek","Chairlift"
"767","Magdalena Bay","Caroline Polachek","Hyd"
"768","Magdalena Bay","Caroline Polachek","SOPHIE"
"769","Magdalena Bay","Caroline Polachek","Sega Bodega"
"770","Magdalena Bay","Caroline Polachek","Sky Ferreira"
"771","Magdalena Bay","Caroline Polachek","Shygirl"
"772","Magdalena Bay","Caroline Polachek","Empress Of"
"773","Magdalena Bay","Caroline Polachek","Planet 1999"
"774","Magdalena Bay","Caroline Polachek","Kilo Kish"
"775","Magdalena Bay","Caroline Polachek","GFOTY"
"776","Magdalena Bay","Caroline Polachek","Eartheater"
"777","Magdalena Bay","Caroline Polachek","Rebecca Black"
"778","Magdalena Bay","Caroline Polachek","Tei Shi"
"779","Magdalena Bay","Caroline Polachek","Magdalena Bay"
"780","Magdalena Bay","Caroline Polachek","Kelela"
"781","Magdalena Bay","Spellling","death's dynamic shroud"
"782","Magdalena Bay","Spellling","Lingua Ignota"
"783","Magdalena Bay","Spellling","Julia Holter"
"784","Magdalena Bay","Spellling","Backxwash"
"785","Magdalena Bay","Spellling","Xiu Xiu"
"786","Magdalena Bay","Spellling","Cryalot"
"787","Magdalena Bay","Spellling","L'Rain"
"788","Magdalena Bay","Spellling","Jockstrap"
"789","Magdalena Bay","Spellling","Richard Dawson"
"790","Magdalena Bay","Spellling","Ashenspire"
"791","Magdalena Bay","Spellling","U.S. Girls"
"792","Magdalena Bay","Spellling","Daughters"
"793","Magdalena Bay","Spellling","Black Dresses"
"794","Magdalena Bay","Spellling","Kilo Kish"
"795","Magdalena Bay","Spellling","Clarence Clarity"
"796","Magdalena Bay","Spellling","Soul Glo"
"797","Magdalena Bay","Spellling","black midi"
"798","Magdalena Bay","Spellling","Swans"
"799","Magdalena Bay","Spellling","billy woods"
"800","Magdalena Bay","Spellling","Petrol Girls"
